product_title,username,rating,comment,created_at
Pantalones Cargo Agree,user_42,5,"Estos pantalones son increíbles, la calidad es excelente y tienen muchos bolsillos. Muy prácticos y cómodos.",2025-04-12
Ropa Oversize Health,user_17,5,"Me encanta el estilo oversized, queda perfecto y es muy cómodo para el día a día.",2025-05-01
Camisas Anime Right,user_89,4,"Gran diseño del anime, buena calidad de tela aunque un poco cara.",2025-04-28
Vestidos Impact,user_23,5,"El vestido es hermoso, el corte es perfecto y recibí muchos cumplidos.",2025-05-10
Bufandas Purpose,user_77,5,"Muy suave y abrigada, perfecta para el invierno. Excelente relación calidad-precio.",2025-04-15
Ropa Oversize Health,user_53,4,"Me gusta mucho el estilo, aunque es un poco más grande de lo que esperaba.",2025-04-20
Chaquetas de Anime Seem,user_36,5,"El diseño es idéntico al del anime, estoy muy contento con la compra.",2025-05-05
Ropa Deportiva Head,user_91,3,"Es cómoda para hacer ejercicio pero esperaba mejor calidad por el precio.",2025-04-18
Carteras Huge,user_12,5,"Espaciosa y elegante, tiene muchos compartimentos. Muy satisfecha con la compra.",2025-05-08
Faldas Heart,user_68,4,"La falda es preciosa, solo le quito una estrella porque la talla es un poco pequeña.",2025-04-22
Camisas Anime Ball,user_44,5,"El diseño es perfecto, idéntico a la imagen. La tela es de buena calidad.",2025-05-03
Ropa Formal Situation,user_29,4,"Excelente para ocasiones formales, buen corte aunque un poco cara.",2025-04-25
Pantalones Cargo Agree,user_83,5,"Súper cómodos y resistentes. Los uso para trabajo y son perfectos.",2025-05-11
Lencería Kid,user_14,4,"Bonito diseño y cómoda, pero el color es ligeramente diferente al de la foto.",2025-04-19
Carteras Truth,user_75,5,"Elegante y práctica, el material es de excelente calidad.",2025-05-02
Botas Interesting,user_31,3,"Son bonitas pero no muy cómodas para caminar largos períodos.",2025-04-27
Ropa Estilo K-Pop Cover,user_59,5,"¡Me encanta! El estilo es idéntico al de mi grupo K-Pop favorito.",2025-05-09
Playeras con Personajes de Anime Sense,user_26,4,"Buen diseño y estampado de alta calidad, pero la tela podría ser mejor.",2025-04-16
Carteras Upon,user_95,5,"Elegante, espaciosa y de excelente calidad. Totalmente recomendada.",2025-05-06
Ropa Casual Never,user_48,4,"Muy cómoda para uso diario, buen material aunque las costuras podrían mejorar.",2025-04-30
Chaquetas Enough,user_63,5,"Excelente chaqueta, abriga muy bien y es muy estilosa.",2025-05-04
Ropa Deportiva Beat,user_38,4,"Buena para entrenar, transpira bien aunque el precio es un poco alto.",2025-04-24
Pantalones Cargo Agree,user_71,5,"Los mejores pantalones cargo que he tenido, muy resistentes y con muchos bolsillos útiles.",2025-05-07
Camisas Anime Right,user_19,3,"El diseño es bueno pero la tela se arruga fácilmente.",2025-04-21
Vestidos Impact,user_84,5,"¡Perfecto! El vestido queda espectacular y el material es de primera calidad.",2025-05-12
Gorros Structure,user_54,4,"Buen gorro para el invierno, abriga bien aunque el diseño es básico.",2025-04-17
Accesorios Positive,user_92,5,"Los accesorios son hermosos y de excelente calidad, definitivamente volveré a comprar.",2025-05-02
Calzado While,user_33,4,"Muy cómodos para caminar todo el día, buena relación calidad-precio.",2025-04-29
Pantalones Own,user_67,3,"La tela es buena pero el corte no favorece mucho.",2025-05-10
Ropa Interior Fire,user_41,5,"Cómoda, sexy y de buena calidad. Totalmente satisfecha con la compra.",2025-04-26